{
    "vertices":[-2.1603,-1.75883,1.36865,4.54747e-15,-1.75883,1.36865,7.11189,-1.75883,1.36865,0.184903,0.0982044,-0.147632,0.184903,4.56522,-0.147631,0.184903,4.56522,-0.147631,-2.1603,-1.75882,-15.6649,4.54747e-15,-1.75882,-15.6649,7.11189,-1.75882,-15.6649,0,0.0982043,-0.000176635,0,4.56522,-0.000175907,0,0.0982044,-0.236677,0,0.0982044,-0.236677,0,4.56522,-0.236676,0,4.56522,-0.236676,-0.184903,0.0982044,-0.147632,-0.184903,0.0982044,-0.147632,-0.184903,4.56522,-0.147631,-0.184903,4.56522,-0.147631,-0.23057,0.0982043,0.0524496,-0.23057,0.0982043,0.0524496,-0.23057,4.56522,0.0524503,-0.23057,4.56522,0.0524503,-0.102614,0.0982043,0.212903,-0.102614,0.0982043,0.212903,-0.102614,4.56522,0.212903,-0.102614,4.56522,0.212903,0.102614,0.0982043,0.212903,0.102614,0.0982043,0.212903,0.102614,4.56522,0.212903,0.102614,4.56522,0.212903,0.23057,0.0982043,0.0524496,0.23057,0.0982043,0.0524496,0.23057,4.56522,0.0524503,0.23057,4.56522,0.0524503,0.184903,0.0982044,-0.147632,0.0163611,4.45408,-0.0183168,2.37038,3.76548,-0.0183168,0.0163611,3.07688,-0.0183169,-0.672484,0.0999999,0.784,5.02445,0.0999999,0.784,-0.672484,0.1,-0.784,5.02445,0.1,-0.784,0.23057,0.0982043,0.0524496,0.23057,4.56522,0.0524503,0,0.0982044,-0.236677,0,4.56522,-0.236676,0.184903,0.0982044,-0.147632,0.184903,4.56522,-0.147631,-0.184903,0.0982044,-0.147632,-0.184903,4.56522,-0.147631,-0.102614,0.0982043,0.212903,-0.102614,4.56522,0.212903,-0.23057,0.0982043,0.0524496,-0.23057,4.56522,0.0524503,0.102614,0.0982043,0.212903,0.102614,4.56522,0.212903],
    "normals":[0,1,0,0,-1,0,0.433882,0,-0.900967,-0.433882,0,-0.900967,-0.974914,0,-0.22251,-0.781823,0,0.623463,0,0,0.999969,0,0,1,0.781823,0,0.623463,0.974914,0,-0.22251],
    "uvs":[[0.405636,0.689518,0.37977,0.663903,0.412024,0.654761,0.37977,0.533704,0.405636,0.549172,0.37977,0.574788,0.953071,0.992458,0.940615,0.992458,0.940615,0.00754237,0.37977,0.704987,0.353905,0.549172,0.8276,0.992458,0.815144,0.992458,0.815144,0.00754237,0.353905,0.689518,0.347516,0.58393,0.855589,0.992458,0.8276,0.00754237,0.347516,0.654761,0.365416,0.611803,0.878034,0.992458,0.855589,0.00754237,0.365416,0.626888,0.394124,0.611803,0.993926,0.992458,0.965218,0.992458,0.965218,0.00754237,0.394124,0.626888,0.412024,0.58393,0.912626,0.992458,0.890181,0.992458,0.890181,0.00754237,0.912626,0.00754237,0.00607354,0.465745,0.335369,0.585366,0.00607354,0.704987,0.802997,0.992458,0.00607354,0.992458,0.00607354,0.720071,0.953071,0.00754237,0.878034,0.00754237,0.993926,0.00754237,0.802997,0.720071]],
    "metadata":{
        "version":3,
        "normals":10,
        "vertices":57,
        "type":"Geometry",
        "faces":31,
        "generator":"io_three",
        "uvs":1
    },
    "faces":[40,5,10,34,0,1,2,0,0,0,40,11,35,9,3,4,5,1,1,1,40,46,4,47,6,7,8,2,2,2,40,14,10,5,9,1,0,0,0,0,40,15,11,9,10,3,5,1,1,1,40,50,13,45,11,12,13,3,3,3,40,18,10,14,14,1,9,0,0,0,40,19,15,9,15,10,5,1,1,1,40,54,17,49,16,11,17,4,4,4,40,22,10,18,18,1,14,0,0,0,40,23,19,9,19,15,5,1,1,1,40,52,21,53,20,16,21,5,5,5,40,26,10,22,22,1,18,0,0,0,40,27,23,9,23,19,5,1,1,1,40,29,25,24,24,25,26,6,7,6,40,30,10,26,27,1,22,0,0,0,40,31,27,9,28,23,5,1,1,1,40,44,56,55,29,30,31,8,8,8,40,34,10,30,2,1,27,0,0,0,40,35,31,9,4,28,5,1,1,1,40,48,33,43,7,29,32,9,9,9,40,38,37,36,33,34,35,7,7,7,40,42,41,39,36,37,38,0,0,0,40,12,46,47,39,6,8,2,2,2,40,16,50,45,17,11,13,3,3,3,40,20,54,49,21,16,17,4,4,4,40,51,52,53,40,20,21,5,5,5,40,28,29,24,41,24,26,7,6,6,40,32,44,55,32,29,31,8,8,8,40,3,48,43,8,7,32,9,9,9,40,40,42,39,42,36,38,0,0,0]
}