{
    "metadata":{
        "vertices":84,
        "uvs":1,
        "normals":12,
        "version":3,
        "type":"Geometry",
        "generator":"io_three",
        "faces":48
    },
    "vertices":[0.6415,-9.64562e-09,0.0809133,-0.142747,-0.625416,0.0809132,0.399969,-0.501545,0.0809132,-0.577972,-0.278336,-0.0809133,-0.142747,-0.625416,-0.0809134,0.399969,-0.501545,-0.0809133,0.6415,9.64561e-09,-0.0809133,0.399969,0.501545,-0.0809132,0.399969,0.501545,0.0809133,-0.142747,0.625416,0.0809134,-0.142747,0.625416,-0.0809132,-0.577972,0.278336,0.0809133,-0.577972,0.278336,-0.0809133,-0.577972,-0.278336,0.0809133,0.263454,-0.330361,0.232869,0.422547,2.77602e-08,-0.232869,0.422547,-2.77602e-08,0.232869,-0.0940256,-0.411953,0.232869,0.263454,0.330361,-0.232869,-0.380702,-0.183336,-0.23287,-0.0940256,-0.411953,-0.23287,0.263454,0.330361,0.23287,-0.0940256,0.411953,0.23287,0.263454,-0.330361,-0.23287,-0.0940256,0.411953,-0.232869,-0.380702,0.183336,0.23287,-0.380702,0.183336,-0.232869,-0.380702,-0.183336,0.232869,0.422547,2.77602e-08,-0.232869,0.422547,2.77602e-08,-0.232869,0.263454,0.330361,-0.232869,0.263454,0.330361,-0.232869,-0.380702,0.183336,0.23287,-0.380702,0.183336,0.23287,-0.380702,0.183336,-0.232869,-0.380702,0.183336,-0.232869,0.6415,-9.64562e-09,0.0809133,0.6415,-9.64562e-09,0.0809133,0.6415,9.64561e-09,-0.0809133,0.6415,9.64561e-09,-0.0809133,-0.380702,-0.183336,-0.23287,-0.380702,-0.183336,-0.23287,0.263454,-0.330361,-0.23287,0.263454,-0.330361,-0.23287,-0.577972,-0.278336,-0.0809133,-0.577972,-0.278336,-0.0809133,-0.577972,-0.278336,0.0809133,-0.577972,-0.278336,0.0809133,-0.577972,0.278336,0.0809133,-0.577972,0.278336,0.0809133,-0.0940256,-0.411953,0.232869,-0.0940256,-0.411953,0.232869,-0.0940256,-0.411953,-0.23287,-0.0940256,-0.411953,-0.23287,-0.142747,-0.625416,-0.0809134,-0.142747,-0.625416,-0.0809134,0.263454,0.330361,0.23287,0.263454,0.330361,0.23287,-0.142747,0.625416,0.0809134,-0.142747,0.625416,0.0809134,-0.142747,0.625416,-0.0809132,-0.142747,0.625416,-0.0809132,0.399969,-0.501545,-0.0809133,0.399969,-0.501545,-0.0809133,0.263454,-0.330361,0.232869,0.263454,-0.330361,0.232869,0.422547,-2.77602e-08,0.232869,0.422547,-2.77602e-08,0.232869,-0.0940256,0.411953,-0.232869,-0.0940256,0.411953,-0.232869,-0.0940256,0.411953,0.23287,-0.0940256,0.411953,0.23287,-0.380702,-0.183336,0.232869,-0.380702,-0.183336,0.232869,-0.142747,-0.625416,0.0809132,-0.142747,-0.625416,0.0809132,0.399969,-0.501545,0.0809132,0.399969,-0.501545,0.0809132,0.399969,0.501545,-0.0809132,0.399969,0.501545,-0.0809132,0.399969,0.501545,0.0809133,0.399969,0.501545,0.0809133,-0.577972,0.278336,-0.0809133,-0.577972,0.278336,-0.0809133],
    "uvs":[[0.490328,0.780588,0.181216,0.991716,0.395128,0.9499,0.540089,0.134111,0.711633,0.134111,0.711633,0.0794814,0.925545,0.134111,0.925545,0.0794814,0.737773,0.150679,0.737773,0.205308,0.935458,0.205308,0.990328,0.780588,0.681216,0.56946,0.895128,0.9499,0.395128,0.611277,0.181216,0.56946,0.00967217,0.0297686,0.223584,0.084398,0.223584,0.0297686,0.935458,0.150679,0.00967217,0.084398,0.681216,0.991716,0.00967217,0.686627,0.395128,0.0297686,0.540089,0.150679,0.540089,0.205308,0.895128,0.611277,0.509672,0.874549,0.00967217,0.874549,0.706132,0.00828397,0.706132,0.0629134,0.925545,0.0629134,0.509672,0.686627,0.925545,0.00828397,0.540089,0.0794814,0.395128,0.084398,0.681563,0.395668,0.811775,0.552892,0.811775,0.395668,0.326273,0.413825,0.122666,0.552892,0.263567,0.525348,0.941987,0.552892,0.681563,0.3791,0.794557,0.3791,0.794557,0.221876,0.662219,0.413825,0.458611,0.274758,0.599512,0.525348,0.263567,0.302302,0.122666,0.274758,0.935458,0.3791,0.935458,0.221876,0.00967217,0.100966,0.00967217,0.25819,0.150573,0.25819,0.599512,0.302302,0.458611,0.552892,0.00967217,0.351934,0.150573,0.100966,0.263567,0.100966,0.263567,0.25819,0.941987,0.395668,0.345618,0.475716,0.00967217,0.475716,0.282911,0.100966,0.282911,0.25819,0.427435,0.25819,0.681563,0.552892,0.345618,0.351934,0.681563,0.221876,0.427435,0.100966]],
    "faces":[40,0,74,76,0,1,2,0,0,0,40,45,55,75,3,4,5,1,1,1,40,1,5,77,5,6,7,2,2,2,40,36,38,78,8,9,10,3,3,3,40,39,54,7,11,12,13,4,5,4,40,0,81,59,0,14,15,0,0,0,40,80,60,58,16,17,18,6,6,6,40,36,78,8,8,10,19,3,3,3,40,80,79,60,16,20,17,6,6,6,40,7,54,61,13,12,21,4,5,4,40,0,59,48,0,15,22,0,0,0,40,9,10,49,18,17,23,7,7,7,40,2,62,37,24,25,8,8,8,8,40,63,54,39,26,12,11,4,5,4,40,61,54,82,21,12,27,4,5,4,40,0,48,47,0,22,28,0,0,0,40,62,6,37,25,9,8,8,8,8,40,1,4,5,5,4,6,2,2,2,40,11,83,44,29,30,31,9,10,9,40,82,54,3,27,12,32,4,5,4,40,0,47,74,0,28,1,0,0,0,40,11,44,46,29,31,33,9,9,10,40,13,45,75,34,3,5,1,1,1,40,10,12,49,17,35,23,7,7,7,40,64,15,16,36,37,38,8,8,8,40,66,51,65,39,40,41,0,0,0,40,67,28,30,38,37,42,3,3,3,40,41,52,50,43,44,45,1,1,1,40,29,53,18,46,47,48,4,4,4,40,66,57,70,39,49,50,0,0,11,40,17,43,14,45,51,52,2,2,2,40,56,31,24,53,54,55,6,6,6,40,42,53,29,56,47,46,4,4,4,40,18,53,68,48,47,57,4,4,4,40,66,70,33,39,50,58,0,11,0,40,71,69,32,59,55,60,7,7,7,40,69,34,32,55,61,60,7,7,7,40,67,30,21,38,42,62,3,3,3,40,68,53,26,57,47,63,4,4,4,40,66,33,72,39,58,64,0,0,0,40,56,24,22,53,55,59,6,6,6,40,25,35,40,65,66,67,9,10,9,40,64,23,15,36,68,37,8,8,8,40,26,53,19,63,47,69,4,4,4,40,66,72,51,39,64,40,0,0,0,40,73,41,50,70,43,45,1,1,1,40,17,20,43,45,44,51,2,2,2,40,25,40,27,65,67,71,9,9,10],
    "normals":[0,0,1,-0.623463,-0.781823,0,0.22251,-0.974914,0,0.900967,0.433882,0,0,0,-1,0,0,-0.999969,0.22251,0.974914,0,-0.623463,0.781823,0,0.900967,-0.433882,0,-0.999969,0,0,-1,0,0,0,0,0.999969]
}