{
    "normals":[0,0,-1,-0.623463,-0.781823,0,0.22251,-0.974914,0,0.900967,0.433882,0,0,0,1,0.22251,0.974914,0,-0.623463,0.781823,0,0.900967,-0.433882,0,-1,0,0,-0.999969,0,0],
    "faces":[40,11,16,2,0,1,2,0,0,0,40,82,88,78,3,4,5,1,1,1,40,4,85,81,6,7,3,2,2,2,40,74,72,71,8,9,10,3,3,3,40,13,10,7,11,12,13,4,4,4,40,14,8,2,14,15,2,0,0,0,40,56,57,9,16,17,18,5,5,5,40,73,74,71,19,8,10,3,3,3,40,57,12,9,17,20,18,5,5,5,40,19,10,13,21,12,11,4,4,4,40,20,14,2,22,14,2,0,0,0,40,68,58,15,23,17,16,6,6,6,40,70,86,87,10,24,25,7,7,7,40,7,10,0,13,12,26,4,4,4,40,25,10,19,27,12,21,4,4,4,40,26,20,2,28,22,2,0,0,0,40,3,6,1,10,9,24,7,7,7,40,85,17,81,7,4,3,2,2,2,40,77,80,69,29,30,31,8,8,8,40,22,10,25,32,12,27,4,4,4,40,16,26,2,1,28,2,0,0,0,40,79,77,69,33,29,31,8,8,8,40,5,23,27,3,5,34,1,1,1,40,21,24,18,23,35,17,6,6,6,40,31,34,45,36,37,38,7,7,7,40,29,51,30,39,40,41,0,0,0,40,40,93,92,42,37,36,3,3,3,40,65,89,67,43,44,45,1,1,1,40,41,44,35,46,47,48,4,4,4,40,42,36,30,49,50,41,0,0,0,40,76,75,64,51,52,43,2,2,2,40,46,63,62,53,54,55,5,5,5,40,35,44,28,48,47,56,4,4,4,40,47,44,41,57,47,46,4,4,4,40,48,42,30,58,49,41,0,0,0,40,84,61,59,59,53,60,6,6,6,40,49,52,60,59,61,53,6,6,6,40,37,40,92,62,42,36,3,3,3,40,53,44,47,63,47,57,4,4,4,40,54,48,30,64,58,41,0,0,0,40,43,46,62,60,53,55,5,5,5,40,66,90,83,65,66,67,9,8,9,40,34,33,45,37,68,38,7,7,7,40,32,44,53,69,47,63,4,4,4,40,51,54,30,40,64,41,0,0,0,40,39,50,55,43,45,70,1,1,1,40,75,38,64,52,44,43,2,2,2,40,91,66,83,71,65,67,8,9,9],
    "metadata":{
        "normals":10,
        "version":3,
        "generator":"io_three",
        "faces":48,
        "uvs":1,
        "type":"Geometry",
        "vertices":94
    },
    "uvs":[[0.395128,0.9499,0.181216,0.991716,0.490328,0.780588,0.711633,0.0794814,0.711633,0.134111,0.540089,0.134111,0.925545,0.0794814,0.925545,0.134111,0.935458,0.205308,0.737773,0.205308,0.737773,0.150679,0.895128,0.9499,0.681216,0.56946,0.990328,0.780588,0.181216,0.56946,0.395128,0.611277,0.223584,0.0297686,0.223584,0.084398,0.00967217,0.0297686,0.935458,0.150679,0.00967217,0.084398,0.681216,0.991716,0.00967217,0.686627,0.395128,0.0297686,0.540089,0.205308,0.540089,0.150679,0.895128,0.611277,0.509672,0.874549,0.00967217,0.874549,0.925545,0.0629134,0.706132,0.0629134,0.706132,0.00828397,0.509672,0.686627,0.925545,0.00828397,0.540089,0.0794814,0.395128,0.084398,0.811775,0.395668,0.811775,0.552892,0.681563,0.395668,0.263567,0.525348,0.122666,0.552892,0.326273,0.413825,0.941987,0.552892,0.794557,0.221876,0.794557,0.3791,0.681563,0.3791,0.599512,0.525348,0.458611,0.274758,0.662219,0.413825,0.122666,0.274758,0.263567,0.302302,0.935458,0.221876,0.935458,0.3791,0.150573,0.25819,0.00967217,0.25819,0.00967217,0.100966,0.599512,0.302302,0.458611,0.552892,0.00967217,0.351934,0.263567,0.100966,0.150573,0.100966,0.263567,0.25819,0.941987,0.395668,0.345618,0.475716,0.00967217,0.475716,0.427435,0.25819,0.282911,0.25819,0.282911,0.100966,0.681563,0.552892,0.345618,0.351934,0.681563,0.221876,0.427435,0.100966]],
    "vertices":[0.799937,-1.00309,0.161826,0.799937,-1.00309,0.161826,1.283,1.73615e-08,-0.161827,1.283,1.73615e-08,-0.161827,0.799937,-1.00309,-0.161827,-0.285494,-1.25083,-0.161827,1.283,-1.73615e-08,0.161827,1.283,-1.73615e-08,0.161827,0.799937,1.00309,-0.161826,0.799937,1.00309,-0.161826,-0.285494,-1.25083,0.161826,0.799937,-1.00309,-0.161827,0.799937,1.00309,0.161827,0.799937,1.00309,0.161827,-0.285494,1.25083,-0.161826,-0.285494,1.25083,-0.161826,-0.285494,-1.25083,-0.161827,-0.285494,-1.25083,0.161826,-0.285494,1.25083,0.161827,-0.285494,1.25083,0.161827,-1.15594,0.556673,-0.161827,-1.15594,0.556673,-0.161827,-1.15594,-0.556673,0.161827,-1.15594,-0.556673,0.161827,-1.15594,0.556673,0.161827,-1.15594,0.556673,0.161827,-1.15594,-0.556673,-0.161827,-1.15594,-0.556673,-0.161827,0.526908,-0.660721,0.465739,0.526908,-0.660721,-0.465739,0.845094,4.99665e-08,-0.465739,0.845094,4.99665e-08,-0.465739,-0.761404,-0.366673,0.465739,0.526908,-0.660721,0.465739,0.845094,-4.99665e-08,0.465739,0.845094,-4.99665e-08,0.465739,0.526908,0.660721,-0.465739,0.526908,0.660721,-0.465739,-0.188051,-0.823906,0.465739,-0.188051,-0.823906,-0.465739,0.526908,0.660721,0.465739,0.526908,0.660721,0.465739,-0.188051,0.823906,-0.465739,-0.188051,0.823906,-0.465739,-0.188051,-0.823906,0.465739,0.526908,-0.660721,-0.465739,-0.188051,0.823906,0.465739,-0.188051,0.823906,0.465739,-0.761404,0.366673,-0.465739,-0.761404,0.366673,-0.465739,-0.761404,-0.366673,0.465739,-0.188051,-0.823906,-0.465739,-0.761404,0.366673,0.465739,-0.761404,0.366673,0.465739,-0.761404,-0.366673,-0.465739,-0.761404,-0.366673,-0.465739,-0.285494,1.25083,-0.161826,-0.285494,1.25083,0.161827,-0.285494,1.25083,0.161827,-0.188051,0.823906,-0.465739,-0.188051,0.823906,0.465739,-0.188051,0.823906,0.465739,0.526908,0.660721,-0.465739,0.526908,0.660721,0.465739,-0.188051,-0.823906,-0.465739,-0.188051,-0.823906,-0.465739,-0.761404,-0.366673,0.465739,-0.761404,-0.366673,0.465739,-1.15594,0.556673,-0.161827,-1.15594,0.556673,-0.161827,1.283,1.73615e-08,-0.161827,1.283,1.73615e-08,-0.161827,1.283,-1.73615e-08,0.161827,0.799937,1.00309,-0.161826,0.799937,1.00309,0.161827,0.526908,-0.660721,0.465739,0.526908,-0.660721,-0.465739,-1.15594,-0.556673,0.161827,-1.15594,-0.556673,0.161827,-1.15594,-0.556673,-0.161827,-1.15594,0.556673,0.161827,-0.285494,-1.25083,-0.161827,-0.285494,-1.25083,-0.161827,-0.761404,0.366673,-0.465739,-0.761404,0.366673,-0.465739,0.799937,-1.00309,0.161826,0.799937,-1.00309,0.161826,0.799937,-1.00309,-0.161827,-0.285494,-1.25083,0.161826,-0.188051,-0.823906,0.465739,-0.761404,0.366673,0.465739,-0.761404,-0.366673,-0.465739,0.845094,4.99665e-08,-0.465739,0.845094,-4.99665e-08,0.465739]
}