{
    "metadata":{
        "type":"Geometry",
        "normals":18,
        "vertices":24,
        "generator":"io_three",
        "uvs":1,
        "faces":20,
        "version":3
    },
    "normals":[0,1,1.19209e-07,0,1,1.19209e-07,1.73562e-08,-1,-8.6624e-08,1.78949e-08,-1,-8.66939e-08,0.238028,-0.316853,0.918122,0.188501,-0.281716,-0.9408,-0.788594,-0.614905,-0.00346286,-0.161647,-0.276556,-0.947305,-0.19403,-0.280627,0.940001,0.810081,-0.582991,-0.0623634,-4.20933e-08,-1,-1.62363e-07,-2.98672e-08,-1,-1.75032e-07,0.238028,-0.316853,0.918122,0.188501,-0.281716,-0.9408,-0.788594,-0.614905,-0.00346303,-0.161647,-0.276555,-0.947305,-0.19403,-0.280627,0.940001,0.810081,-0.582992,-0.0623635],
    "faces":[40,13,15,17,0,0,0,0,0,0,40,12,14,15,0,0,0,1,1,1,40,19,21,18,0,0,0,2,2,2,40,20,18,21,0,0,0,3,3,3,40,2,10,4,0,0,0,4,4,4,40,3,11,9,0,0,0,5,5,5,40,0,7,6,0,0,0,6,6,6,40,3,7,16,0,0,0,7,7,7,40,2,6,8,0,0,0,8,8,8,40,5,10,11,0,0,0,9,9,9,40,13,12,15,0,0,0,0,0,0,40,12,1,14,0,0,0,1,1,1,40,19,23,21,0,0,0,10,10,10,40,20,22,18,0,0,0,11,11,11,40,2,8,10,0,0,0,12,12,12,40,3,5,11,0,0,0,13,13,13,40,0,16,7,0,0,0,14,14,14,40,3,9,7,0,0,0,15,15,15,40,2,0,6,0,0,0,16,16,16,40,5,4,10,0,0,0,17,17,17],
    "uvs":[[0,0]],
    "vertices":[35.685,7.32665e-07,-6.14604,35.6256,-8.80019e-07,7.38213,-4.48722,1.72117e-06,-14.4382,-0.846569,-1.62193e-06,13.6057,-33.3093,8.30402e-07,-6.96591,-32.2094,-8.72824e-07,7.32177,28.7812,8.84703,-4.92991,28.7333,8.84703,5.97543,-3.60244,8.84703,-11.6144,-0.667635,8.84703,10.9924,-26.8365,8.84703,-5.59082,-25.9498,8.84703,5.92677,-0.846569,-1.62193e-06,13.6057,-32.2094,-8.72824e-07,7.32177,35.685,7.32665e-07,-6.14604,-4.48722,1.72117e-06,-14.4382,35.6256,-8.80019e-07,7.38213,-33.3093,8.30402e-07,-6.96591,-0.667635,8.84703,10.9924,-25.9498,8.84703,5.92677,28.7812,8.84703,-4.92991,-3.60244,8.84703,-11.6144,28.7333,8.84703,5.97543,-26.8365,8.84703,-5.59082]
}