{
    "normals":[0,1,0],
    "uvs":[[0.1,0.7,0,0.7,0,0.6,0.2,0.7,0.1,0.6,0.3,0.7,0.2,0.6,0.4,0.7,0.3,0.6,0.5,0.7,0.4,0.6,0.6,0.7,0.5,0.6,0.7,0.7,0.6,0.6,0.8,0.7,0.7,0.6,0.9,0.7,0.8,0.6,1,0.7,0.9,0.6,0.1,0.8,0,0.8,0.2,0.8,0.3,0.8,0.4,0.8,0.5,0.8,0.6,0.8,0.7,0.8,0.8,0.8,0.9,0.8,1,0.8,0.1,0.9,0,0.9,0.2,0.9,0.3,0.9,0.4,0.9,0.5,0.9,0.6,0.9,0.7,0.9,0.8,0.9,0.9,0.9,1,0.9,0.1,1,0,1,0.2,1,0.3,1,0.4,1,0.5,1,0.6,1,0.7,1,0.8,1,0.9,1,1,1,0.1,0.1,0,0.1,0,0,0.2,0.1,0.1,0,0.3,0.1,0.2,0,0.4,0.1,0.3,0,0.5,0.1,0.4,0,0.6,0.1,0.5,0,0.7,0.1,0.6,0,0.8,0.1,0.7,0,0.9,0.1,0.8,0,1,0.1,0.9,0,0.1,0.2,0,0.2,0.2,0.2,0.3,0.2,0.4,0.2,0.5,0.2,0.6,0.2,0.7,0.2,0.8,0.2,0.9,0.2,1,0.2,0.1,0.3,0,0.3,0.2,0.3,0.3,0.3,0.4,0.3,0.5,0.3,0.6,0.3,0.7,0.3,0.8,0.3,0.9,0.3,1,0.3,0.1,0.4,0,0.4,0.2,0.4,0.3,0.4,0.4,0.4,0.5,0.4,0.6,0.4,0.7,0.4,0.8,0.4,0.9,0.4,1,0.4,0.1,0.5,0,0.5,0.2,0.5,0.3,0.5,0.4,0.5,0.5,0.5,0.6,0.5,0.7,0.5,0.8,0.5,0.9,0.5,1,0.5,1,0.6,1,0]],
    "vertices":[-11.1458,1.19209e-05,-100,55.729,0,0,-22.2916,1.19209e-05,-100,55.729,2.38419e-06,-20,-33.4374,1.19209e-05,-100,55.729,4.76837e-06,-40,-44.5832,1.19209e-05,-100,55.729,7.15256e-06,-60,44.5832,1.43051e-05,-120,55.729,9.53674e-06,-80,33.4374,1.43051e-05,-120,55.729,1.19209e-05,-100,22.2916,1.43051e-05,-120,55.729,1.43051e-05,-120,11.1458,1.43051e-05,-120,55.729,1.66893e-05,-140,0,1.43051e-05,-120,55.729,1.90735e-05,-160,-11.1458,1.43051e-05,-120,55.729,2.14577e-05,-180,-22.2916,1.43051e-05,-120,55.729,2.38419e-05,-200,-33.4374,1.43051e-05,-120,44.5832,2.38419e-05,-200,-44.5832,1.43051e-05,-120,33.4374,2.38419e-05,-200,44.5832,1.66893e-05,-140,22.2916,2.38419e-05,-200,33.4374,1.66893e-05,-140,11.1458,2.38419e-05,-200,22.2916,1.66893e-05,-140,0,2.38419e-05,-200,11.1458,1.66893e-05,-140,-11.1458,2.38419e-05,-200,0,1.66893e-05,-140,-22.2916,2.38419e-05,-200,-11.1458,1.66893e-05,-140,-33.4374,2.38419e-05,-200,-22.2916,1.66893e-05,-140,-44.5832,2.38419e-05,-200,-33.4374,1.66893e-05,-140,-55.729,2.38419e-05,-200,-44.5832,1.66893e-05,-140,-55.729,2.14577e-05,-180,44.5832,1.90735e-05,-160,-55.729,1.90735e-05,-160,33.4374,1.90735e-05,-160,-55.729,1.66893e-05,-140,22.2916,1.90735e-05,-160,-55.729,1.43051e-05,-120,11.1458,1.90735e-05,-160,-55.729,1.19209e-05,-100,0,1.90735e-05,-160,-55.729,9.53674e-06,-80,-11.1458,1.90735e-05,-160,-55.729,7.15256e-06,-60,-22.2916,1.90735e-05,-160,-55.729,4.76837e-06,-40,-33.4374,1.90735e-05,-160,-55.729,2.38419e-06,-20,-44.5832,1.90735e-05,-160,-55.729,0,0,44.5832,2.14577e-05,-180,-44.5832,0,0,33.4374,2.14577e-05,-180,-33.4374,0,0,22.2916,2.14577e-05,-180,-22.2916,0,0,11.1458,2.14577e-05,-180,-11.1458,0,0,0,2.14577e-05,-180,0,0,0,-11.1458,2.14577e-05,-180,11.1458,0,0,-22.2916,2.14577e-05,-180,22.2916,0,0,-33.4374,2.14577e-05,-180,33.4374,0,0,-44.5832,2.14577e-05,-180,44.5832,0,0,44.5832,2.38419e-06,-20,33.4374,2.38419e-06,-20,22.2916,2.38419e-06,-20,11.1458,2.38419e-06,-20,0,2.38419e-06,-20,-11.1458,2.38419e-06,-20,-22.2916,2.38419e-06,-20,-33.4374,2.38419e-06,-20,-44.5832,2.38419e-06,-20,44.5832,4.76837e-06,-40,33.4374,4.76837e-06,-40,22.2916,4.76837e-06,-40,11.1458,4.76837e-06,-40,0,4.76837e-06,-40,-11.1458,4.76837e-06,-40,-22.2916,4.76837e-06,-40,-33.4374,4.76837e-06,-40,-44.5832,4.76837e-06,-40,44.5832,7.15256e-06,-60,33.4374,7.15256e-06,-60,22.2916,7.15256e-06,-60,11.1458,7.15256e-06,-60,0,7.15256e-06,-60,-11.1458,7.15256e-06,-60,-22.2916,7.15256e-06,-60,-33.4374,7.15256e-06,-60,-44.5832,7.15256e-06,-60,44.5832,9.53674e-06,-80,33.4374,9.53674e-06,-80,22.2916,9.53674e-06,-80,11.1458,9.53674e-06,-80,0,9.53674e-06,-80,-11.1458,9.53674e-06,-80,-22.2916,9.53674e-06,-80,-33.4374,9.53674e-06,-80,-44.5832,9.53674e-06,-80,44.5832,1.19209e-05,-100,33.4374,1.19209e-05,-100,22.2916,1.19209e-05,-100,11.1458,1.19209e-05,-100,0,1.19209e-05,-100],
    "metadata":{
        "generator":"io_three",
        "normals":1,
        "faces":200,
        "type":"Geometry",
        "uvs":1,
        "version":3,
        "vertices":121
    },
    "faces":[40,86,67,69,0,1,2,0,0,0,40,95,86,85,3,0,4,0,0,0,40,104,95,94,5,3,6,0,0,0,40,113,104,103,7,5,8,0,0,0,40,2,113,112,9,7,10,0,0,0,40,20,2,0,11,9,12,0,0,0,40,38,20,18,13,11,14,0,0,0,40,56,38,36,15,13,16,0,0,0,40,74,56,54,17,15,18,0,0,0,40,35,74,72,19,17,20,0,0,0,40,87,65,67,21,22,1,0,0,0,40,96,87,86,23,21,0,0,0,0,40,105,96,95,24,23,3,0,0,0,40,114,105,104,25,24,5,0,0,0,40,4,114,113,26,25,7,0,0,0,40,22,4,2,27,26,9,0,0,0,40,40,22,20,28,27,11,0,0,0,40,58,40,38,29,28,13,0,0,0,40,76,58,56,30,29,15,0,0,0,40,37,76,74,31,30,17,0,0,0,40,88,63,65,32,33,22,0,0,0,40,97,88,87,34,32,21,0,0,0,40,106,97,96,35,34,23,0,0,0,40,115,106,105,36,35,24,0,0,0,40,6,115,114,37,36,25,0,0,0,40,24,6,4,38,37,26,0,0,0,40,42,24,22,39,38,27,0,0,0,40,60,42,40,40,39,28,0,0,0,40,78,60,58,41,40,29,0,0,0,40,39,78,76,42,41,30,0,0,0,40,59,61,63,43,44,33,0,0,0,40,57,59,88,45,43,32,0,0,0,40,55,57,97,46,45,34,0,0,0,40,53,55,106,47,46,35,0,0,0,40,51,53,115,48,47,36,0,0,0,40,49,51,6,49,48,37,0,0,0,40,47,49,24,50,49,38,0,0,0,40,45,47,42,51,50,39,0,0,0,40,43,45,60,52,51,40,0,0,0,40,41,43,78,53,52,41,0,0,0,40,80,79,1,54,55,56,0,0,0,40,89,80,3,57,54,58,0,0,0,40,98,89,5,59,57,60,0,0,0,40,107,98,7,61,59,62,0,0,0,40,116,107,9,63,61,64,0,0,0,40,8,116,11,65,63,66,0,0,0,40,26,8,13,67,65,68,0,0,0,40,44,26,15,69,67,70,0,0,0,40,62,44,17,71,69,72,0,0,0,40,23,62,19,73,71,74,0,0,0,40,81,77,79,75,76,55,0,0,0,40,90,81,80,77,75,54,0,0,0,40,99,90,89,78,77,57,0,0,0,40,108,99,98,79,78,59,0,0,0,40,117,108,107,80,79,61,0,0,0,40,10,117,116,81,80,63,0,0,0,40,28,10,8,82,81,65,0,0,0,40,46,28,26,83,82,67,0,0,0,40,64,46,44,84,83,69,0,0,0,40,25,64,62,85,84,71,0,0,0,40,82,75,77,86,87,76,0,0,0,40,91,82,81,88,86,75,0,0,0,40,100,91,90,89,88,77,0,0,0,40,109,100,99,90,89,78,0,0,0,40,118,109,108,91,90,79,0,0,0,40,12,118,117,92,91,80,0,0,0,40,30,12,10,93,92,81,0,0,0,40,48,30,28,94,93,82,0,0,0,40,66,48,46,95,94,83,0,0,0,40,27,66,64,96,95,84,0,0,0,40,83,73,75,97,98,87,0,0,0,40,92,83,82,99,97,86,0,0,0,40,101,92,91,100,99,88,0,0,0,40,110,101,100,101,100,89,0,0,0,40,119,110,109,102,101,90,0,0,0,40,14,119,118,103,102,91,0,0,0,40,32,14,12,104,103,92,0,0,0,40,50,32,30,105,104,93,0,0,0,40,68,50,48,106,105,94,0,0,0,40,29,68,66,107,106,95,0,0,0,40,84,71,73,108,109,98,0,0,0,40,93,84,83,110,108,97,0,0,0,40,102,93,92,111,110,99,0,0,0,40,111,102,101,112,111,100,0,0,0,40,120,111,110,113,112,101,0,0,0,40,16,120,119,114,113,102,0,0,0,40,34,16,14,115,114,103,0,0,0,40,52,34,32,116,115,104,0,0,0,40,70,52,50,117,116,105,0,0,0,40,31,70,68,118,117,106,0,0,0,40,85,69,71,4,2,109,0,0,0,40,94,85,84,6,4,108,0,0,0,40,103,94,93,8,6,110,0,0,0,40,112,103,102,10,8,111,0,0,0,40,0,112,111,12,10,112,0,0,0,40,18,0,120,14,12,113,0,0,0,40,36,18,16,16,14,114,0,0,0,40,54,36,34,18,16,115,0,0,0,40,72,54,52,20,18,116,0,0,0,40,33,72,70,119,20,117,0,0,0,40,85,86,69,4,0,2,0,0,0,40,94,95,85,6,3,4,0,0,0,40,103,104,94,8,5,6,0,0,0,40,112,113,103,10,7,8,0,0,0,40,0,2,112,12,9,10,0,0,0,40,18,20,0,14,11,12,0,0,0,40,36,38,18,16,13,14,0,0,0,40,54,56,36,18,15,16,0,0,0,40,72,74,54,20,17,18,0,0,0,40,33,35,72,119,19,20,0,0,0,40,86,87,67,0,21,1,0,0,0,40,95,96,86,3,23,0,0,0,0,40,104,105,95,5,24,3,0,0,0,40,113,114,104,7,25,5,0,0,0,40,2,4,113,9,26,7,0,0,0,40,20,22,2,11,27,9,0,0,0,40,38,40,20,13,28,11,0,0,0,40,56,58,38,15,29,13,0,0,0,40,74,76,56,17,30,15,0,0,0,40,35,37,74,19,31,17,0,0,0,40,87,88,65,21,32,22,0,0,0,40,96,97,87,23,34,21,0,0,0,40,105,106,96,24,35,23,0,0,0,40,114,115,105,25,36,24,0,0,0,40,4,6,114,26,37,25,0,0,0,40,22,24,4,27,38,26,0,0,0,40,40,42,22,28,39,27,0,0,0,40,58,60,40,29,40,28,0,0,0,40,76,78,58,30,41,29,0,0,0,40,37,39,76,31,42,30,0,0,0,40,88,59,63,32,43,33,0,0,0,40,97,57,88,34,45,32,0,0,0,40,106,55,97,35,46,34,0,0,0,40,115,53,106,36,47,35,0,0,0,40,6,51,115,37,48,36,0,0,0,40,24,49,6,38,49,37,0,0,0,40,42,47,24,39,50,38,0,0,0,40,60,45,42,40,51,39,0,0,0,40,78,43,60,41,52,40,0,0,0,40,39,41,78,42,53,41,0,0,0,40,3,80,1,58,54,56,0,0,0,40,5,89,3,60,57,58,0,0,0,40,7,98,5,62,59,60,0,0,0,40,9,107,7,64,61,62,0,0,0,40,11,116,9,66,63,64,0,0,0,40,13,8,11,68,65,66,0,0,0,40,15,26,13,70,67,68,0,0,0,40,17,44,15,72,69,70,0,0,0,40,19,62,17,