{
    "faces":[40,46,79,69,0,1,2,0,0,0,40,22,70,32,3,4,5,1,1,1,40,59,57,34,6,7,8,0,2,0,40,63,78,61,9,10,11,3,3,3,40,76,50,53,12,13,14,4,4,4,40,101,59,34,15,6,8,0,0,0,40,28,55,64,16,17,18,5,5,5,40,83,60,84,19,20,21,6,6,6,40,103,101,46,22,15,0,2,0,0,40,89,46,48,23,0,24,0,0,0,40,62,81,107,11,25,26,7,7,7,40,109,104,95,27,28,29,8,8,8,40,46,34,79,0,8,1,0,0,0,40,46,101,34,0,15,8,0,0,0,40,44,46,69,30,0,2,0,0,0,40,105,89,92,31,23,32,0,0,0,40,105,74,89,31,33,23,0,0,0,40,74,51,89,33,34,23,0,0,0,40,89,117,46,23,35,0,0,0,0,40,54,72,100,14,36,37,9,9,9,40,71,74,105,38,33,31,10,0,0,40,108,106,116,39,40,41,11,11,11,40,112,47,4,42,43,44,12,12,12,40,3,58,7,45,46,47,13,13,13,40,99,114,97,37,48,49,14,14,14,40,87,91,115,50,51,52,5,5,5,40,11,102,15,21,53,54,15,15,15,40,34,57,113,8,7,55,0,2,0,40,79,34,113,1,8,55,0,0,0,40,96,82,67,56,57,58,16,5,5,40,79,113,80,1,55,59,0,0,0,40,80,113,105,59,55,31,0,0,0,40,82,85,66,57,60,61,5,5,5,40,89,51,117,23,34,35,0,0,0,40,113,71,105,55,38,31,0,10,0,40,85,110,91,60,62,51,5,16,5,40,117,103,46,35,22,0,0,2,0,40,66,85,91,61,60,51,5,5,5,40,110,94,91,62,63,51,16,5,5,40,91,24,115,51,64,52,5,5,5,40,90,49,111,65,66,42,17,17,17,40,94,77,24,63,67,64,5,5,5,40,20,93,16,41,68,69,18,19,19,40,86,88,33,69,70,71,20,20,20,40,77,55,24,67,17,64,5,5,5,40,24,55,28,64,17,16,5,5,5,40,65,45,68,72,73,3,21,21,21,40,64,98,67,18,74,58,5,5,5,40,55,98,64,17,74,18,5,5,5,40,19,118,23,29,75,76,22,22,22,40,8,66,91,77,61,51,5,5,5,40,91,94,24,51,63,64,5,5,5,40,67,82,66,58,57,61,5,5,5,40,98,96,67,74,56,58,5,16,5,40,45,31,68,73,4,3,21,21,21,40,58,25,7,78,20,19,13,13,13,40,47,12,4,43,79,44,12,12,12,40,60,10,84,20,53,21,6,6,6,40,49,13,111,66,43,42,17,17,17,40,102,26,15,53,80,54,15,15,15,40,88,0,33,70,81,71,20,20,20,40,104,2,95,28,75,29,8,8,8,40,93,21,16,68,70,69,19,18,19,40,118,14,23,75,82,76,22,22,22,40,106,18,116,40,68,41,11,11,11,40,52,75,56,13,83,14,23,23,23,40,81,9,107,25,84,26,7,7,7,40,30,73,27,83,36,14,24,24,24,40,78,35,61,10,25,11,3,3,3,40,29,6,5,36,48,37,25,25,25,40,70,1,32,4,85,5,1,1,1,40,114,17,97,48,86,49,14,14,14,40,41,37,40,87,88,89,0,0,2,40,39,41,40,90,87,89,0,0,2,40,41,43,42,87,91,92,0,0,0,40,41,39,43,87,90,91,0,0,0,40,41,36,37,87,93,88,0,0,0,40,36,41,38,93,87,94,0,0,0],
    "uvs":[[0.799379,0.49123,0.937228,0.0925484,0.991669,0.25,0.157906,0.389534,0.157906,0.401616,0.00833137,0.389534,0.759085,0.2501,0.759119,0.25,0.836635,0.25,0.302936,0.359912,0.302936,0.371994,0.165087,0.359912,0.428322,0.419156,0.428322,0.431238,0.428221,0.419156,0.758997,0.250153,0.799379,0.99123,0.758934,0.750156,0.937228,0.907452,0.445171,0.419156,0.445171,0.431238,0.445084,0.419156,0.758898,0.250134,0.540308,0.333778,0.642623,0.462134,0.165087,0.371994,0.00833137,0.359912,0.462046,0.419156,0.462046,0.431238,0.461969,0.419156,0.937228,0.407452,0.642623,0.037866,0.540308,0.166222,0.758898,0.249866,0.758834,0.249947,0.758834,0.250053,0.428158,0.431238,0.428071,0.419156,0.758997,0.249848,0.411374,0.419156,0.411374,0.431238,0.28944,0.419156,0.14618,0.33029,0.14618,0.342372,0.00833137,0.33029,0.478804,0.419156,0.478804,0.431238,0.478709,0.419156,0.428071,0.431238,0.428037,0.419156,0.540308,0.666222,0.642623,0.537866,0.540308,0.833778,0.445084,0.431238,0.444985,0.419156,0.759085,0.2499,0.759119,0.75,0.759085,0.7499,0.991669,0.75,0.799379,0.00877011,0.758997,0.749847,0.937228,0.592548,0.758898,0.749866,0.758834,0.749947,0.642623,0.962134,0.302936,0.33029,0.302936,0.342372,0.758834,0.750053,0.28944,0.431238,0.130266,0.419156,0.130266,0.431238,0.00833137,0.419156,0.307481,0.389534,0.307481,0.401616,0.759085,0.7501,0.461969,0.431238,0.461868,0.419156,0.799379,0.50877,0.445206,0.431238,0.00833137,0.342372,0.444985,0.431238,0.00833137,0.431238,0.461868,0.431238,0.428258,0.431238,0.00833137,0.371994,0.00833137,0.401616,0.428037,0.431238,0.380456,0.99123,0.00833137,0.596908,0.131787,0.448778,0.366665,0.448778,0.523646,0.595797,0.523646,0.871269,0.00833137,0.843531,0.121039,0.99123]],
    "normals":[0,1,0,0.939665,0,0.34199,0,0.999969,0,0.499985,0,0.866024,0.697409,0,-0.716636,0,-1,0,-0.499985,0,0.866024,-0.17362,0,0.984802,0.766015,0,0.642781,-0.338115,0.00155644,-0.941099,0,0.999969,3.05185e-05,-0.766015,0,0.642781,0.499985,0,-0.866024,-0.939665,0,0.34199,-0.939665,0,-0.34199,0.17362,0,0.984802,0,-0.999969,0,-0.17362,0,-0.984802,-1,0,0,-0.999969,0,0,-0.766015,0,-0.642781,0.939665,0,-0.34199,1,0,0,0.766015,0.00122074,-0.642781,0.17362,-0.00125126,-0.984802,-0.499985,0,-0.866024],
    "vertices":[-2.37211,0.52371,-4.10861,3.63428,0.523709,3.04953,-0.00281908,0.523709,-0.00102608,0.003,0.289709,-4.69243e-08,3.63428,0.28971,-3.04953,0.00229813,0.289709,0.00192832,0.00229813,0.523709,0.00192834,0.00229813,0.289709,-0.00192841,0.823825,0.28971,-4.67214,-2.37211,0.523709,4.10861,0.000520945,0.523709,-0.00295444,0.000520945,0.289709,-0.00295447,3.63428,0.52371,-3.04953,0.823825,0.52371,-4.67214,-0.00281908,0.523709,0.00102604,-0.0015,0.289709,-0.00259812,-4.45811,0.289709,-1.62262,0.003,0.523709,-1.90293e-08,-4.45811,0.523709,1.62262,-0.00281908,0.289709,-0.00102611,-4.45811,0.289709,1.62262,-4.45811,0.523709,-1.62262,4.74422,0.289709,-4.69243e-08,-0.00281908,0.289709,0.00102601,-2.37211,0.289709,4.10861,0.00229813,0.523709,-0.00192838,-0.0015,0.523709,-0.0025981,-0.000762138,0.289709,0.00302783,0.823825,0.289709,4.67214,0.000520945,0.523709,0.0029544,-0.0015,0.523709,0.00259806,4.74422,0.523709,-1.90293e-08,3.63428,0.289709,3.04953,-2.37211,0.28971,-4.10861,1.58341,0.523709,-1.90293e-08,0.823825,0.523709,4.67214,-5.25311,0.5,-2.39247,-5.25311,0.5,2.38413,-2.95522,0.500001,-5.25311,2.0526,0.499999,5.25311,-2.73609,0.499999,5.25311,2.33375,0.500001,-5.25311,5.25311,0.5,-2.92971,5.25311,0.5,2.40565,3.63428,0.52371,-3.04953,3.63428,0.52371,-3.04953,0.823825,0.52371,-4.67214,0.823825,0.52371,-4.67214,-2.37211,0.52371,-4.10861,-2.37211,0.52371,-4.10861,-0.00281908,0.523709,0.00102604,-0.00281908,0.523709,0.00102604,-0.00281908,0.523709,0.00102604,-0.000762138,0.289709,0.00302783,-0.000762138,0.289709,0.00302783,-0.000762138,0.289709,0.00302783,-0.000762138,0.289709,0.00302783,0.003,0.523709,-1.90293e-08,0.003,0.523709,-1.90293e-08,0.00229813,0.523709,-0.00192838,0.00229813,0.523709,-0.00192838,0.823825,0.289709,4.67214,0.823825,0.289709,4.67214,3.63428,0.289709,3.04953,3.63428,0.289709,3.04953,3.63428,0.28971,-3.04953,3.63428,0.28971,-3.04953,4.74422,0.289709,-4.69243e-08,4.74422,0.289709,-4.69243e-08,4.74422,0.523709,-1.90293e-08,4.74422,0.523709,-1.90293e-08,0.000520945,0.523709,0.0029544,0.000520945,0.523709,0.0029544,0.000520945,0.523709,0.0029544,-0.0015,0.523709,0.00259806,-0.0015,0.523709,0.00259806,-0.00281908,0.289709,0.00102601,-0.00281908,0.289709,0.00102601,3.63428,0.523709,3.04953,3.63428,0.523709,3.04953,0.823825,0.523709,4.67214,0.823825,0.523709,4.67214,0.00229813,0.289709,-0.00192841,0.00229813,0.289709,-0.00192841,0.000520945,0.289709,-0.00295447,0.000520945,0.289709,-0.00295447,-4.45811,0.289709,-1.62262,-4.45811,0.289709,-1.62262,-4.45811,0.523709,-1.62262,-4.45811,0.523709,-1.62262,-2.37211,0.28971,-4.10861,-2.37211,0.28971,-4.10861,-4.45811,0.523709,1.62262,-4.45811,0.523709,1.62262,-0.00281908,0.289709,-0.00102611,-0.00281908,0.289709,-0.00102611,0.003,0.289709,-4.69243e-08,0.003,0.289709,-4.69243e-08,0.00229813,0.289709,0.00192832,0.00229813,0.289709,0.00192832,0.00229813,0.289709,0.00192832,0.000520945,0.523709,-0.00295444,0.000520945,0.523709,-0.00295444,-0.0015,0.523709,-0.0025981,-0.0015,0.523709,-0.0025981,-2.37211,0.523709,4.10861,-2.37211,0.523709,4.10861,-2.37211,0.289709,4.10861,-2.37211,0.289709,4.10861,-0.0015,0.289709,-0.00259812,-0.0015,0.289709,-0.00259812,0.823825,0.28971,-4.67214,0.823825,0.28971,-4.67214,0.00229813,0.523709,0.00192834,0.00229813,0.523709,0.00192834,-4.45811,0.289709,1.62262,-4.45811,0.289709,1.62262,-0.00281908,0.523709,-0.00102608,-0.00281908,0.523709,-0.00102608],
    "metadata":{
        "generator":"io_three",
        "faces":78,
        "version":3,
        "type":"Geometry",
        "uvs":1,
        "normals":26,
        "vertices":119
    }
}