{
    "metadata":{
        "uvs":1,
        "faces":200,
        "type":"Geometry",
        "version":3,
        "vertices":121,
        "normals":2,
        "generator":"io_three"
    },
    "normals":[0,1,0,0,0.999969,0],
    "vertices":[-29.8403,1.42259e-05,-119.376,-149.187,-4.20098e-06,-96.1073,-21.8196,1.51944e-05,-127.115,-127.753,-6.97153e-07,-95.8369,-13.7989,1.61628e-05,-134.854,-113.955,1.64062e-06,-93.7834,-5.77812,1.71313e-05,-142.594,-100.81,3.98331e-06,-89.1829,-59.8357,1.15826e-05,-68.0489,-88.6668,6.26894e-06,-82.1531,-50.5265,1.28314e-05,-74.1781,-77.9648,8.41524e-06,-72.9401,-41.2172,1.40801e-05,-80.3073,-69.1449,1.03339e-05,-61.9197,-31.908,1.53289e-05,-86.4366,-62.5626,1.19472e-05,-49.5444,-22.5988,1.65776e-05,-92.5658,-58.439,1.32001e-05,-36.2513,-13.2896,1.78264e-05,-98.695,-56.8591,1.40851e-05,-21.8947,-3.98039,1.90751e-05,-104.824,-56.9689,1.50413e-05,0.39035,5.32883,2.03239e-05,-110.953,-45.8239,1.6863e-05,0.526169,14.638,2.15726e-05,-117.083,-34.6789,1.86847e-05,0.661972,-52.276,1.34355e-05,-53.8358,-23.534,2.05063e-05,0.797791,-41.9895,1.49239e-05,-58.1272,-12.389,2.2328e-05,0.933609,-31.703,1.64122e-05,-62.4186,-1.24403,2.41497e-05,1.06943,-21.4164,1.79005e-05,-66.7099,9.90094,2.59714e-05,1.20523,-11.1299,1.93888e-05,-71.0013,21.0459,2.77931e-05,1.34105,-0.843338,2.08771e-05,-75.2927,32.1909,2.96147e-05,1.47685,9.44319,2.23654e-05,-79.5841,43.3359,3.14364e-05,1.61269,19.7297,2.38537e-05,-83.8755,54.4808,3.32581e-05,1.74849,30.0163,2.5342e-05,-88.1669,54.558,3.21052e-05,-24.9143,-47.5299,1.48776e-05,-38.536,50.6521,2.99746e-05,-59.0986,-36.6208,1.6555e-05,-40.8208,40.3028,2.68303e-05,-92.4583,-25.7117,1.82325e-05,-43.1055,23.9473,2.28214e-05,-123.212,-14.8026,1.99099e-05,-45.3902,2.24261,1.80997e-05,-150.333,-3.89346,2.15874e-05,-47.675,-24.08,1.28208e-05,-172.99,7.01566,2.32648e-05,-49.9597,-54.2145,7.14883e-06,-190.434,17.9248,2.49423e-05,-52.2444,-87.1712,1.275e-06,-201.975,28.8339,2.66197e-05,-54.5292,-121.682,-4.57279e-06,-207.129,39.743,2.82972e-05,-56.8139,-149.187,-9.07297e-06,-207.565,-45.7174,1.58871e-05,-22.1967,-149.187,-8.58577e-06,-196.419,-34.5757,1.76891e-05,-22.4986,-149.187,-8.09857e-06,-185.274,-23.434,1.94911e-05,-22.8006,-149.187,-7.61137e-06,-174.128,-12.2923,2.12931e-05,-23.1026,-149.187,-7.12417e-06,-162.982,-1.15059,2.30951e-05,-23.4045,-149.187,-6.63697e-06,-151.836,9.99112,2.48971e-05,-23.7065,-149.187,-6.14978e-06,-140.69,21.1328,2.66992e-05,-24.0084,-149.187,-5.66258e-06,-129.545,32.2745,2.85012e-05,-24.3104,-149.187,-5.17538e-06,-118.399,43.4162,3.03032e-05,-24.6124,-149.187,-4.68818e-06,-107.253,-127.146,-1.08472e-06,-106.966,-126.539,-1.47228e-06,-118.095,-125.932,-1.85984e-06,-129.225,-125.325,-2.24741e-06,-140.354,-124.717,-2.63497e-06,-151.483,-124.11,-3.02253e-06,-162.612,-123.503,-3.4101e-06,-173.742,-122.896,-3.79766e-06,-184.871,-122.289,-4.18522e-06,-196,-111.276,1.60406e-06,-104.603,-108.598,1.5675e-06,-115.422,-105.92,1.53094e-06,-126.241,-103.241,1.49437e-06,-137.06,-100.563,1.45781e-06,-147.879,-97.8847,1.42125e-06,-158.699,-95.2063,1.38468e-06,-169.518,-92.528,1.34812e-06,-180.337,-89.8496,1.31156e-06,-191.156,-96.1503,4.29986e-06,-99.308,-91.4908,4.61641e-06,-109.433,-86.8312,4.93297e-06,-119.558,-82.1717,5.24952e-06,-129.683,-77.5122,5.56607e-06,-139.808,-72.8526,5.88262e-06,-149.934,-68.1931,6.19918e-06,-160.059,-63.5336,6.51573e-06,-170.184,-58.874,6.83228e-06,-180.309,-82.2081,6.92413e-06,-91.2369,-75.7494,7.57932e-06,-100.321,-69.2908,8.23451e-06,-109.404,-62.8321,8.8897e-06,-118.488,-56.3734,9.54489e-06,-127.572,-49.9147,1.02001e-05,-136.656,-43.456,1.08553e-05,-145.739,-36.9973,1.15105e-05,-154.823,-30.5387,1.21657e-05,-163.907,-69.9441,9.38369e-06,-80.6794,-61.9233,1.03521e-05,-88.4187,-53.9026,1.13206e-05,-96.1579,-45.8818,1.2289e-05,-103.897,-37.8611,1.32575e-05,-111.637],
    "uvs":[[0.1,0.7,0,0.7,0,0.6,0.2,0.7,0.1,0.6,0.3,0.7,0.2,0.6,0.4,0.7,0.3,0.6,0.5,0.7,0.4,0.6,0.6,0.7,0.5,0.6,0.7,0.7,0.6,0.6,0.8,0.7,0.7,0.6,0.9,0.7,0.8,0.6,1,0.7,0.9,0.6,0.1,0.8,0,0.8,0.2,0.8,0.3,0.8,0.4,0.8,0.5,0.8,0.6,0.8,0.7,0.8,0.8,0.8,0.9,0.8,1,0.8,0.1,0.9,0,0.9,0.2,0.9,0.3,0.9,0.4,0.9,0.5,0.9,0.6,0.9,0.7,0.9,0.8,0.9,0.9,0.9,1,0.9,0.1,1,0,1,0.2,1,0.3,1,0.4,1,0.5,1,0.6,1,0.7,1,0.8,1,0.9,1,1,1,0.1,0.1,0,0.1,0,0,0.2,0.1,0.1,0,0.3,0.1,0.2,0,0.4,0.1,0.3,0,0.5,0.1,0.4,0,0.6,0.1,0.5,0,0.7,0.1,0.6,0,0.8,0.1,0.7,0,0.9,0.1,0.8,0,1,0.1,0.9,0,0.1,0.2,0,0.2,0.2,0.2,0.3,0.2,0.4,0.2,0.5,0.2,0.6,0.2,0.7,0.2,0.8,0.2,0.9,0.2,1,0.2,0.1,0.3,0,0.3,0.2,0.3,0.3,0.3,0.4,0.3,0.5,0.3,0.6,0.3,0.7,0.3,0.8,0.3,0.9,0.3,1,0.3,0.1,0.4,0,0.4,0.2,0.4,0.3,0.4,0.4,0.4,0.5,0.4,0.6,0.4,0.7,0.4,0.8,0.4,0.9,0.4,1,0.4,0.1,0.5,0,0.5,0.2,0.5,0.3,0.5,0.4,0.5,0.5,0.5,0.6,0.5,0.7,0.5,0.8,0.5,0.9,0.5,1,0.5,1,0.6,1,0]],