{
    "metadata":{
        "vertices":247,
        "generator":"io_three",
        "faces":118,
        "normals":84,
        "type":"Geometry",
        "version":3,
        "uvs":1
    },
    "normals":[0,1,0,0,-1,0,0.900937,0,-0.433882,0.900967,0,-0.433851,0.22251,0,-0.974914,0,-0.999969,0,-0.623493,0,-0.781823,-0.623463,0,-0.781823,-0.999969,0,0,-1,0,0,0,0.999969,0,-0.623463,0,0.781823,0.22248,0,0.974914,0.22251,0,0.974914,0.900967,0,0.433851,0.900967,0,0.433882,0.900967,0,-0.433882,-0.623493,0,-0.781793,0.120762,0.0154118,0.992553,0.152532,0.0851161,0.984619,0.153722,0.0850551,0.984436,0.1583,0.084872,0.983703,0.089877,0.254494,0.962859,0.0898465,0.254921,0.962767,0.0897855,0.256233,0.962401,0.0200201,0.13068,0.991211,0.0312204,-0.00653096,0.999481,-0.0415662,-0.115238,0.992462,-0.0415662,-0.114963,0.992492,-0.0415357,-0.113926,0.992615,-0.0739769,-0.0598468,0.995453,-0.175573,-0.00762963,0.984405,-0.128697,-0.150121,0.980224,0.113041,-0.0208136,0.993347,0.16895,-0.00061037,0.985595,0.169012,-0.00271615,0.985595,0.169134,-0.00933866,0.985534,-0.0136418,-0.0348216,0.999298,0.0617695,0.258431,0.964019,0.0627766,0.149968,0.986663,0.032899,0.0704978,0.996948,0.0335704,0.0704978,0.996918,0.0356151,0.0704978,0.996857,-0.124027,-0.114414,0.985656,-0.194494,0.0144658,0.980773,-0.112278,0.0652486,0.991516,0.0852077,0.0775475,0.993316,0.224067,0.141575,0.964232,0.0711386,-0.0146489,0.997345,-0.00759911,-0.230323,0.973052,-0.00567644,-0.230232,0.973113,-0.000915555,-0.230049,0.973174,0.0267342,-0.0821558,0.996246,0.0295724,-0.000244148,0.999542,-0.0285958,0.00711081,0.999542,-0.19364,-0.226325,0.954588,-0.155583,-0.207831,0.965697,0.147923,0.0852687,0.98529,0.216041,0.243568,0.945494,0.0399487,0.128849,0.990844,-0.036256,-0.00665304,0.999298,-0.0119022,-0.112949,0.9935,-0.0189215,-0.0573443,0.998169,-0.0558794,-0.0109561,0.998352,-0.226875,-0.147099,0.962737,-0.0946684,-0.0638142,0.993439,0.120762,-0.00140385,0.992676,0.156499,-0.0349742,0.98703,0.0897855,0.256691,0.962279,0.019837,0.152959,0.988006,0.0308542,0.0705283,0.997009,-0.0415357,-0.11362,0.992645,-0.0753807,0.0113224,0.99707,-0.175634,0.0639668,0.98236,-0.130375,0.0198676,0.991241,0.112247,0.144658,0.983093,0.169164,-0.0113834,0.985504,-0.01236,-0.230506,0.972961,0.0599689,-0.0805689,0.994934,0.0613422,0.00100711,0.998108,0.034669,0.013184,0.999298,-0.122379,-0.230506,0.965331,-0.186926,-0.205878,0.96054,-0.111667,-0.0925626,0.98941],
    "vertices":[-18.0059,0.169996,-34.5672,-18.0059,0.169996,-30,-18.0059,0.169996,-14.9643,1.28855e-06,0.169998,-34.5672,2.0893e-14,0.169999,-30,-4.24202e-06,0.169999,-14.9643,18.0059,0.170001,-34.5672,18.0059,0.170002,-30,18.0059,0.170002,-14.9643,-15.112,-5.68293,-30,-15.112,13.5401,-30,-14.612,-5.68293,-30,-14.612,-5.68293,-30,-14.612,13.5401,-30,-14.612,13.5401,-30,-14.8002,-5.68293,-30.3909,-14.8002,-5.68293,-30.3909,-14.8002,13.5401,-30.3909,-14.8002,13.5401,-30.3909,-15.2232,-5.68293,-30.4875,-15.2232,-5.68293,-30.4875,-15.2232,13.5401,-30.4875,-15.2232,13.5401,-30.4875,-15.5625,-5.68293,-30.2169,-15.5625,-5.68293,-30.2169,-15.5625,13.5401,-30.2169,-15.5625,13.5401,-30.2169,-15.5625,-5.68293,-29.7831,-15.5625,-5.68293,-29.7831,-15.5625,13.5401,-29.7831,-15.5625,13.5401,-29.7831,-15.2232,-5.68293,-29.5125,-15.2232,-5.68293,-29.5125,-15.2232,13.5401,-29.5125,-15.2232,13.5401,-29.5125,-14.8002,-5.68293,-29.6091,-14.8002,-5.68293,-29.6091,-14.8002,13.5401,-29.6091,-14.8002,13.5401,-29.6091,14.8541,-5.68293,-30,14.8541,13.5401,-30,15.3541,-5.68293,-30,15.3541,-5.68293,-30,15.3541,13.5401,-30,15.3541,13.5401,-30,15.1658,-5.68293,-30.3909,15.1658,-5.68293,-30.3909,15.1658,13.5401,-30.3909,15.1658,13.5401,-30.3909,14.7428,-5.68293,-30.4875,14.7428,-5.68293,-30.4875,14.7428,13.5401,-30.4875,14.7428,13.5401,-30.4875,14.4036,-5.68293,-30.2169,14.4036,-5.68293,-30.2169,14.4036,13.5401,-30.2169,14.4036,13.5401,-30.2169,14.4036,-5.68293,-29.7831,14.4036,-5.68293,-29.7831,14.4036,13.5401,-29.7831,14.4036,13.5401,-29.7831,14.7428,-5.68293,-29.5125,14.7428,-5.68293,-29.5125,14.7428,13.5401,-29.5125,14.7428,13.5401,-29.5125,15.1658,-5.68293,-29.6091,15.1658,-5.68293,-29.6091,15.1658,13.5401,-29.6091,15.1658,13.5401,-29.6091,-15.1014,12.8411,-30.0782,-11.738,12.7657,-30.5767,-8.30587,12.7769,-31.3638,-4.89732,12.7879,-31.5027,-1.7285,12.8276,-31.3874,1.44338,12.7334,-31.3601,4.75042,12.7623,-31.2956,8.22903,12.8238,-31.1001,11.59,12.8409,-30.3054,14.9145,12.825,-29.9897,-15.0523,11.5055,-30.0634,-11.7679,11.504,-30.463,-8.37213,11.4382,-31.0038,-5.01545,11.4776,-31.3275,-1.72641,11.4946,-31.3962,1.54267,11.507,-31.4983,4.8156,11.4164,-31.3717,8.19345,11.4767,-31.117,11.5856,11.4975,-30.5118,14.8956,11.5016,-30.0765,-15.0674,10.1841,-30.0893,-11.7461,10.177,-30.4675,-8.37613,10.2518,-31.0452,-5.06981,10.2671,-30.9995,-1.80824,10.2316,-31.199,1.53342,10.184,-31.4044,4.8403,10.1254,-31.5185,8.15528,10.1,-31.1042,11.5998,10.1559,-30.4219,14.9247,10.1642,-30.0458,-15.0841,8.84326,-29.9832,-11.7496,8.82065,-30.2676,-8.33276,8.86893,-31.0687,-5.01354,8.97961,-31.3039,-1.75189,8.95982,-31.3054,1.58891,8.82231,-31.4064,4.9591,8.88588,-31.5062,8.12643,8.81391,-31.415,11.5649,8.86348,-30.7057,14.9345,8.83282,-30.1693,-8.37613,10.2518,-31.0452,-8.37613,10.2518,-31.0452,-8.37613,10.2518,-31.0452,-8.37613,10.2518,-31.0452,-8.33276,8.86893,-31.0687,-8.33276,8.86893,-31.0687,-15.5625,-5.68293,-30.2169,-15.5625,13.5401,-30.2169,-11.7679,11.504,-30.463,-11.7679,11.504,-30.463,-11.7679,11.504,-30.463,-11.7679,11.504,-30.463,-11.7461,10.177,-30.4675,-11.7461,10.177,-30.4675,-11.7461,10.177,-30.4675,-11.7461,10.177,-30.4675,4.8156,11.4164,-31.3717,4.8156,11.4164,-31.3717,4.8156,11.4164,-31.3717,4.8156,11.4164,-31.3717,8.15528,10.1,-31.1042,8.15528,10.1,-31.1042,8.15528,10.1,-31.1042,8.15528,10.1,-31.1042,8.15528,10.1,-31.1042,-4.89732,12.7879,-31.5027,-4.89732,12.7879,-31.5027,-5.01545,11.4776,-31.3275,-5.01545,11.4776,-31.3275,-5.01545,11.4776,-31.3275,-5.01545,11.4776,-31.3275,-15.5625,-5.68293,-29.7831,-15.5625,13.5401,-29.7831,-5.06981,10.2671,-30.9995,-5.06981,10.2671,-30.9995,-5.06981,10.2671,-30.9995,-5.06981,10.2671,-30.9995,-1.75189,8.95982,-31.3054,-1.75189,8.95982,-31.3054,-1.72641,11.4946,-31.3962,-1.72641,11.4946,-31.3962,-1.72641,11.4946,-31.3962,-1.72641,11.4946,-31.3962,-1.72641,11.4946,-31.3962,1.54267,11.507,-31.4983,1.54267,11.507,-31.4983,1.54267,11.507,-31.4983,11.5998,10.1559,-30.4219,11.5998,10.1559,-30.4219,11.5998,10.1559,-30.4219,11.5998,10.1559,-30.4219,11.5998,10.1559,-30.4219,14.9247,10.1642,-30.0458,14.9247,10.1642,-30.0458,-14.612,-5.68293,-30,-14.612,13.5401,-30,-15.0523,11.5055,-30.0634,-15.0523,11.5055,-30.0634,-14.8002,-5.68293,-29.6091,-14.8002,13.5401,-29.6091,11.59,12.8409,-30.3054,11.59,12.8409,-30.3054,14.8956,11.5016,-30.0765,14.8956,11.5016,-30.0765,8.22903,12.8238,-31.1001,8.22903,12.8238,-31.1001,8.19345,11.4767,-31.117,8.19345,11.4767,-31.117,8.19345,11.4767,-31.117,8.19345,11.4767,-31.117,8.19345,11.4767,-31.117,-1.7285,12.8276,-31.3874,-1.7285,12.8276,-31.3874,11.5856,11.4975,-30.5118,11.5856,11.4975,-30.5118,11.5856,11.4975,-30.5118,11.5856,11.4975,-30.5118,11.5856,11.4975,-30.5118,-15.2232,-5.68293,-29.5125,-15.2232,13.5401,-29.5125,11.5649,8.86348,-30.7057,11.5649,8.86348,-30.7057,-1.80824,10.2316,-31.199,-1.80824,10.2316,-31.199,-1.80824,10.2316,-31.199,-1.80824,10.2316,-31.199,-1.80824,10.2316,-31.199,4.8403,10.1254,-31.5185,4.8403,10.1254,-31.5185,4.8403,10.1254,-31.5185,4.8403,10.1254,-31.5185,4.8403,10.1254,-31.5185,-5.01354,8.97961,-31.3039,-8.30587,12.7769,-31.3638,-8.30587,12.7769,-31.3638,-8.37213,11.4382,-31.0038,-8.37213,11.4382,-31.0038,-8.37213,11.4382,-31.0038,-8.37213,11.4382,-31.0038,1.53342,10.184,-31.4044,1.53342,10.184,-31.4044,1.53342,10.184,-31.4044,1.53342,10.184,-31.4044,1.58891,8.82231,-31.4064,1.58891,8.82231,-31.4064,-15.1014,12.8411,-30.0782,-11.7496,8.82065,-30.2676,-11.7496,8.82065,-30.2676,4.75042,12.7623,-31.2956,4.75042,12.7623,-31.2956,4.9591,8.88588,-31.5062,4.9591,8.88588,-31.5062,14.9345,8.83282,-30.1693,