{
    "normals":[0.93997,0.213111,-0.266488,0.826746,0.474288,0.302438,0.182958,-0.981719,-0.0518509,0.524979,0.531541,-0.664693,0.148534,-0.968902,0.19776,0.042024,-0.962645,-0.267373,0.195318,0.366192,0.909787,0.0376598,0.983734,0.175481,-0.316691,0.168859,0.933348,0.593585,0.151982,0.790277,-0.133549,0.375988,0.916929,-0.0514847,0.98706,0.151738,-0.215522,-0.954283,-0.207007,-0.673269,0.358379,-0.646718,-0.277963,-0.956359,0.0897855,-0.305887,0.948882,-0.0777917,-0.499893,0,-0.866054,-0.247078,0.911374,-0.329112,0.293405,0.943785,-0.152074,0.294351,0.94409,-0.14832,0.294687,0.944182,-0.147099,-0.94409,0.125065,0.305002,-0.884976,0,0.465621,-0.0415357,-0.957518,0.285287,0.154698,0.0838343,-0.984375,0.295846,0.944548,-0.142399,0.266488,0.213111,0.93997,-0.302438,0.474288,0.826746,0.0518509,-0.981719,0.182958,0.664693,0.531541,0.524979,-0.19776,-0.968902,0.148534,0.267373,-0.962645,0.042024,-0.909787,0.366192,0.195318,-0.175481,0.983734,0.0376598,-0.933348,0.168859,-0.316691,-0.790277,0.151982,0.593585,-0.916929,0.375988,-0.133549,-0.151738,0.98706,-0.0514847,0.207007,-0.954283,-0.215522,0.646718,0.358379,-0.673269,-0.0897855,-0.956359,-0.277963,0.0777917,0.948882,-0.305887,0.866054,0,-0.499893,0.329112,0.911374,-0.247078,0.152074,0.943785,0.293405,0.14832,0.94409,0.294351,0.147099,0.944182,0.294687,-0.305002,0.125065,-0.94409,-0.465621,0,-0.884976,-0.285287,-0.957518,-0.0415357,0.984375,0.0838343,0.154698,0.142399,0.944548,0.295846,-0.266488,0.213111,-0.93997,0.302438,0.474288,-0.826746,-0.0518509,-0.981719,-0.182958,-0.664693,0.531541,-0.524979,0.19776,-0.968902,-0.148534,-0.267373,-0.962645,-0.042024,0.909787,0.366192,-0.195318,0.175481,0.983734,-0.0376598,0.933348,0.168859,0.316691,0.790277,0.151982,-0.593585,0.916929,0.375988,0.133549,0.151738,0.98706,0.0514847,-0.207007,-0.954283,0.215522,-0.646718,0.358379,0.673269,0.0897855,-0.956359,0.277963,-0.0777917,0.948882,0.305887,-0.866054,0,0.499893,-0.329112,0.911374,0.247078,-0.152074,0.943785,-0.293405,-0.14832,0.94409,-0.294351,-0.147099,0.944182,-0.294687,0.305002,0.125065,0.94409,0.465621,0,0.884976,0.285287,-0.957518,0.0415357,-0.984375,0.0838343,-0.154698,-0.142399,0.944548,-0.295846],
    "faces":[40,302,258,298,0,1,2,0,0,0,40,1,249,257,3,4,5,1,1,1,40,299,259,192,6,7,8,2,2,2,40,201,303,301,9,0,2,3,3,3,40,260,222,191,7,10,8,4,4,4,40,300,193,342,6,8,11,5,5,5,40,250,206,224,4,12,13,6,6,6,40,205,248,244,14,15,16,7,7,7,40,150,221,204,17,13,12,8,8,8,40,251,5,6,4,13,5,9,9,9,40,151,321,223,17,18,13,10,10,10,40,3,247,153,14,16,19,11,11,11,40,145,341,190,20,11,8,12,12,12,40,199,340,146,9,21,22,13,13,13,40,322,147,194,23,20,8,14,14,14,40,200,327,245,24,25,16,15,15,15,40,202,148,329,26,27,28,16,16,16,40,328,152,4,25,19,16,17,17,17,40,203,246,304,24,16,29,18,19,20,40,149,144,323,17,30,18,21,21,21,40,11,10,9,17,31,30,22,22,22,40,12,2,225,23,8,10,23,23,23,40,8,0,7,9,2,21,24,24,24,40,246,13,304,16,15,29,19,25,20,40,130,278,295,32,33,34,0,0,0,40,129,132,279,32,35,33,1,1,1,40,296,280,185,36,37,38,2,2,2,40,240,15,294,39,32,34,3,3,3,40,277,272,184,37,40,38,4,4,4,40,297,186,349,36,38,41,5,5,5,40,134,326,275,42,43,44,6,6,6,40,325,133,236,45,46,47,7,7,7,40,98,273,324,48,44,43,8,8,8,40,27,276,20,42,44,49,9,9,9,40,100,188,274,48,50,44,10,10,10,40,17,238,101,45,47,51,11,11,11,40,254,348,183,52,41,38,12,12,12,40,241,347,255,53,54,55,13,13,13,40,187,256,182,56,52,38,14,14,14,40,239,96,235,57,58,47,15,15,15,40,242,252,95,53,55,59,16,16,16,40,94,97,18,58,51,47,17,17,17,40,243,237,131,57,47,60,18,19,20,40,99,253,189,48,61,50,21,21,21,40,25,24,23,48,62,61,22,22,22,40,26,16,19,56,38,40,23,23,23,40,22,14,21,39,34,63,24,24,24,40,237,135,131,47,46,60,19,25,20,40,111,196,107,64,65,66,26,26,26,40,112,179,195,67,68,69,27,27,27,40,109,198,208,70,71,72,28,28,28,40,231,29,110,73,64,66,29,29,29,40,197,141,210,71,74,72,30,30,30,40,108,207,212,70,72,75,31,31,31,40,180,136,139,68,76,77,32,32,32,40,137,178,174,78,79,80,33,33,33,40,160,140,138,81,77,76,34,34,34,40,41,143,34,68,77,69,35,35,35,40,163,334,142,81,82,77,36,36,36,40,31,177,161,78,80,83,37,37,37,40,157,213,211,84,75,72,38,38,38,40,230,214,155,73,85,86,39,39,39,40,333,158,209,87,84,72,40,40,40,40,232,332,176,88,89,80,41,41,41,40,36,156,330,90,91,92,42,42,42,40,331,162,32,89,83,80,43,43,43,40,234,175,113,88,80,93,44,45,46,40,159,154,40,81,94,82,47,47,47,40,39,38,37,81,95,94,48,48,48,40,335,30,33,87,72,74,49,49,49,40,233,28,35,73,66,85,50,50,50,40,175,181,113,80,79,93,45,51,46,40,283,312,308,96,97,98,0,0,0,40,43,344,314,96,99,97,1,1,1,40,309,313,316,100,101,102,2,2,2,40,284,281,310,103,96,98,3,3,3,40,315,120,318,101,104,102,4,4,4,40,311,320,307,100,102,105,5,5,5,40,345,114,117,106,107,108,6,6,6,40,115,343,228,109,110,111,7,7,7,40,290,119,116,112,108,107,8,8,8,40,346,47,48,106,108,113,9,9,9,40,291,269,118,112,114,108,10,10,10,40,45,229,293,109,111,115,11,11,11,40,79,305,317,116,105,102,12,12,12,40,286,306,82,117,118,119,13,13,13,40,270,80,319,120,116,102,14,14,14,40,285,84,226,121,122,111,15,15,15,40,287,78,83,117,119,123,16,16,16,40,85,289,46,122,115,111,17,17,17,40,288,227,282,121,111,124,18,19,20,40,292,81,271,112,125,114,21,21,21,40,53,52,51,112,126,125,22,22,22,40,54,44,121,120,102,104,23,23,23,40,50,42,49,103,98,127,24,24,24,40,227,55,282,111,110,124,19,25,20,40,72,90,86,128,129,130,52,52,52,40,57,336,92,131,132,133,53,53,53,40,87,91,102,134,135,136,54,54,54,40,73,70,88,137,128,130,55,55,55,40,93,262,103,135,138,136,56,56,56,40,89,106,219,134,136,139,57,57,57,40,338,124,264,132,140,141,58,58,58,40,122,337,125,142,143,144,59,59,59,40,171,263,123,145,141,140,60,60,60,40,69,265,62,132,141,133,61,61,61,40,170,266,261,145,146,141,62,62,62,40,59,128,173,142,144,147,63,63,63,40,167,220,104,148,139,136,64,64,64,40,74,218,165,149,150,151,65,65,65,40,267,166,105,152,148,136,66,66,66,40,75,215,127,153,154,144,67,67,67,40,64,168,217,149,151,155,68,68,68,40,216,172,60,154,147,144,69,69,69,40,76,126,71,153,144,156,70,71,72,40,169,164,68,157,151,158,73,73,73,40,67,66,65,157,155,151,74,74,74,40,268,58,61,152,136,138,75,75,75,40,77,56,63,137,130,159,76,76,76,40,126,339,71,144,143,156,71,77,72],
    "metadata":{
        "normals":78,
        "version":3,
        "generator":"io_three",
        "faces":120,
        "uvs":1,
        "type":"Geometry",
        "vertices":350
    },