{
    "normals":[0,1,1.19209e-07,-5.56031e-08,-1,-9.54891e-08,4.70204e-08,-1,-1.01421e-07,-0.420612,-1.07737e-07,0.907241,-0.999998,2.32154e-10,-0.00195495,-0.357878,1.10887e-07,-0.933768,0.410382,1.08292e-07,-0.911914,0.999413,4.06789e-09,-0.0342553,0.503203,-1.02622e-07,0.864168,8.85506e-08,-1,-1.96769e-07,-7.84785e-08,-1,-2.04764e-07,0.999413,4.06789e-09,-0.0342553],
    "metadata":{
        "normals":12,
        "faces":20,
        "type":"Geometry",
        "generator":"io_three",
        "version":3,
        "vertices":24,
        "uvs":1
    },
    "vertices":[21.8957,1.00971e-06,-8.47007,21.8593,-1.21278e-06,10.1736,-2.75328,2.372e-06,-19.8978,-0.519441,-2.23523e-06,18.7505,-20.438,1.14441e-06,-9.59997,-19.7631,-1.20287e-06,10.0904,21.8957,16.0616,-8.47007,21.8593,16.0616,10.1736,-2.75328,16.0616,-19.8978,-0.519441,16.0616,18.7505,-20.438,16.0616,-9.59997,-19.7631,16.0616,10.0904,-0.519441,-2.23523e-06,18.7505,-19.7631,-1.20287e-06,10.0904,21.8957,1.00971e-06,-8.47007,-2.75328,2.372e-06,-19.8978,21.8593,-1.21278e-06,10.1736,-20.438,1.14441e-06,-9.59997,-0.519441,16.0616,18.7505,-19.7631,16.0616,10.0904,21.8957,16.0616,-8.47007,-2.75328,16.0616,-19.8978,21.8593,16.0616,10.1736,-20.438,16.0616,-9.59997],
    "faces":[40,17,3,15,0,0,0,0,0,0,40,3,14,15,0,0,0,0,0,0,40,18,23,21,0,0,0,1,1,1,40,20,18,21,0,0,0,2,2,2,40,0,8,2,0,0,0,3,3,3,40,16,6,0,0,0,0,4,4,4,40,12,7,16,0,0,0,5,5,5,40,13,9,12,0,0,0,6,6,6,40,4,11,13,0,0,0,7,7,7,40,2,10,4,0,0,0,8,8,8,40,17,5,3,0,0,0,0,0,0,40,3,1,14,0,0,0,0,0,0,40,18,19,23,0,0,0,9,9,9,40,20,22,18,0,0,0,10,10,10,40,0,6,8,0,0,0,3,3,3,40,16,7,6,0,0,0,4,4,4,40,12,9,7,0,0,0,5,5,5,40,13,11,9,0,0,0,6,6,6,40,4,10,11,0,0,0,11,11,11,40,2,8,10,0,0,0,8,8,8],
    "uvs":[[0,0]]
}