{
    "normals":[0,1,1.19209e-07,7.34924e-08,-1,-1.53083e-07,-4.89931e-08,-1,-1.46004e-07,-0.396102,-0.336378,0.854373,-0.909232,-0.416285,-0.00177759,-0.336776,-0.338312,-0.878708,0.386108,-0.33882,-0.857975,0.920677,-0.389047,-0.0315567,0.468285,-0.366018,0.804201,-1.51799e-07,-1,5.20298e-09,1.28617e-07,-1,2.5144e-10,-0.396102,-0.336378,0.854373,-0.909232,-0.416285,-0.00177751,-0.336775,-0.338312,-0.878708,0.386108,-0.33882,-0.857975,0.920677,-0.389047,-0.0315566,0.468285,-0.366018,0.804201],
    "metadata":{
        "normals":17,
        "faces":20,
        "type":"Geometry",
        "generator":"io_three",
        "version":3,
        "vertices":24,
        "uvs":1
    },
    "vertices":[21.8957,1.00971e-06,-8.47007,21.8593,-1.21278e-06,10.1736,-2.75328,2.372e-06,-19.8978,-0.519441,-2.23523e-06,18.7505,-20.438,1.14441e-06,-9.59997,-19.7631,-1.20287e-06,10.0904,14.5363,16.0616,-5.55833,14.5122,16.0616,6.80556,-1.81011,16.0616,-13.1368,-0.328698,16.0616,12.4935,-13.5381,16.0616,-6.30764,-13.0905,16.0616,6.75039,-0.519441,-2.23523e-06,18.7505,-19.7631,-1.20287e-06,10.0904,21.8957,1.00971e-06,-8.47007,-2.75328,2.372e-06,-19.8978,21.8593,-1.21278e-06,10.1736,-20.438,1.14441e-06,-9.59997,-0.328698,16.0616,12.4935,-13.0905,16.0616,6.75039,14.5363,16.0616,-5.55833,-1.81011,16.0616,-13.1368,14.5122,16.0616,6.80556,-13.5381,16.0616,-6.30764],
    "faces":[40,17,3,15,0,0,0,0,0,0,40,3,14,15,0,0,0,0,0,0,40,18,23,21,0,0,0,1,1,1,40,20,18,21,0,0,0,2,2,2,40,0,8,2,0,0,0,3,3,3,40,16,6,0,0,0,0,4,4,4,40,12,7,16,0,0,0,5,5,5,40,13,9,12,0,0,0,6,6,6,40,4,11,13,0,0,0,7,7,7,40,2,10,4,0,0,0,8,8,8,40,17,5,3,0,0,0,0,0,0,40,3,1,14,0,0,0,0,0,0,40,18,19,23,0,0,0,9,9,9,40,20,22,18,0,0,0,10,10,10,40,0,6,8,0,0,0,11,11,11,40,16,7,6,0,0,0,12,12,12,40,12,9,7,0,0,0,13,13,13,40,13,11,9,0,0,0,14,14,14,40,4,10,11,0,0,0,15,15,15,40,2,8,10,0,0,0,16,16,16],
    "uvs":[[0,0]]
}