{
    "metadata":{
        "generator":"io_three",
        "vertices":85,
        "version":3,
        "faces":38,
        "uvs":1,
        "type":"Geometry",
        "normals":27
    },
    "normals":[-0.93997,0.213111,0.266488,-0.826746,0.474288,-0.302438,-0.182958,-0.981719,0.0518509,-0.524979,0.531541,0.664693,-0.148534,-0.968902,-0.19776,-0.042024,-0.962645,0.267373,-0.195318,0.366192,-0.909787,-0.0376598,0.983734,-0.175481,0.316691,0.168859,-0.933348,-0.593585,0.151982,-0.790277,0.133549,0.375988,-0.916929,0.0514847,0.98706,-0.151738,0.215522,-0.954283,0.207007,0.673269,0.358379,0.646718,0.277963,-0.956359,-0.0897855,0.305887,0.948882,0.0777917,0.499893,0,0.866054,0.247078,0.911374,0.329112,-0.293405,0.943785,0.152074,-0.294351,0.94409,0.14832,-0.294687,0.944182,0.147099,0.94409,0.125065,-0.305002,0.884976,0,-0.465621,0.0415357,-0.957518,-0.285287,-0.154698,0.0838343,0.984375,-0.295846,0.944548,0.142399,0,1,0],
    "uvs":[[0.699048,0.781396,0.635584,0.662471,0.794035,0.662471,0.584306,0.81856,0.0533626,0.2944,0.0084397,0.135755,0.253406,0.16731,0.808433,0.81856,0.177719,0.00845015,0.290461,0.331713,0.883367,0.99155,0.759922,0.99155,0.822281,0.835461,0.61929,0.331713,0.495844,0.305175,0.590526,0.225988,0.63781,0.99155,0.99156,0.835461,0.63781,0.835461,0.741401,0.290228,0.415694,0.201175,0.584306,0.645571,0.645324,0.489482,0.770558,0.489482,0.36219,0.0353552,0.608653,0.0807722,0.794906,0.188413,0.770558,0.594279,0.432574,0.190291,0.584306,0.835461,0.584306,0.940258,0.831302,0.662471,0.503603,0.955862,0.285161,0.984253,0.285161,0.776134,0.0813063,0.436754,0.0868635,0.434054,0.0252466,0.776134,0.567426,0.55386,0.553922,0.776134,0.567426,0.57515,0.397298,0.358875,0.272714,0.384286,0.229013,0.99155,0.0084397,0.833237,0.0100736,0.826647,0.381299,0.348613]],
    "faces":[40,1,41,37,0,1,2,0,0,0,40,30,51,43,0,3,1,1,1,1,40,38,42,78,4,5,6,2,2,2,40,32,29,39,7,0,2,3,3,3,40,44,72,80,5,8,6,4,4,4,40,40,77,82,4,6,9,5,5,5,40,50,53,70,10,11,12,6,6,6,40,54,49,45,13,14,15,7,7,7,40,65,71,55,16,12,11,8,8,8,40,13,73,6,10,12,17,9,9,9,40,68,74,69,16,18,12,10,10,10,40,3,46,64,13,15,19,11,11,11,40,60,84,81,20,9,6,12,12,12,40,34,83,59,21,22,23,13,13,13,40,75,57,79,24,20,6,14,14,14,40,33,62,47,25,26,15,15,15,15,40,36,56,61,21,23,27,16,16,16,40,63,67,4,26,19,15,17,17,17,40,35,48,31,25,15,28,18,19,20,40,66,58,76,16,29,18,21,21,21,40,11,10,9,16,30,29,22,22,22,40,12,2,5,24,6,8,23,23,23,40,8,0,7,7,2,31,24,24,24,40,48,52,31,15,14,28,19,25,20,40,18,15,14,32,33,34,26,26,26,40,26,24,27,35,36,37,26,26,26,40,21,16,14,38,39,34,26,26,26,40,14,27,24,34,37,36,26,26,26,40,21,17,16,38,40,39,26,26,26,40,22,14,23,41,34,42,26,26,26,40,19,20,28,43,44,45,26,26,26,40,14,19,28,34,43,45,26,26,26,40,14,15,19,34,33,43,26,26,26,40,16,18,14,39,32,34,26,26,26,40,22,21,14,41,38,34,26,26,26,40,23,14,24,42,34,36,26,26,26,40,25,22,23,46,41,42,26,26,26,40,27,14,28,37,34,45,26,26,26],
    "vertices":[-2.6996,-0.0144971,2.5353,-2.6996,2.11511,0.832264,0.887003,-0.803241,0.259467,0.648052,2.78062,-1.70019,0.132351,3.09858,0.193032,-0.469989,-0.0144965,-2.58526,-3.50503,-0.0144967,-0.305597,1.55137,-0.0144972,3.20345,0.457355,2.78062,2.79343,3.7967,-0.0144969,0.865896,3.7967,1.86213,0.865897,2.83741,2.78062,-0.957317,2.83741,-0.0144965,-2.10346,-1.56522,2.78062,-1.22498,0,0.02,-8.74228e-10,0,0.0200004,-3.7268,4.81867,0.02,-8.74228e-10,5.06078,0.0199996,3.59906,3.91649,0.0200004,-3.21841,-1.00667,0.0200005,-3.85747,-4.96138,0.0200001,-1.02253,5.06078,0.0199995,3.9803,2.01053,0.0199991,7.47193,-0.223163,0.0199992,7.01689,-3.5553,0.0199993,6.12569,1.72368,0.0199991,7.65569,-3.65494,0.0199993,6.07734,-4.66004,0.02,-8.74228e-10,-4.93208,0.0200001,-0.904527,-2.6996,2.11511,0.832264,-2.6996,2.11511,0.832264,-2.6996,2.11511,0.832264,0.457355,2.78062,2.79343,0.457355,2.78062,2.79343,0.457355,2.78062,2.79343,0.457355,2.78062,2.79343,0.457355,2.78062,2.79343,-2.6996,-0.0144971,2.5353,-2.6996,-0.0144971,2.5353,-2.6996,-0.0144971,2.5353,-2.6996,-0.0144971,2.5353,-3.50503,-0.0144967,-0.305597,-3.50503,-0.0144967,-0.305597,-3.50503,-0.0144967,-0.305597,-3.50503,-0.0144967,-0.305597,0.132351,3.09858,0.193032,0.132351,3.09858,0.193032,0.132351,3.09858,0.193032,0.132351,3.09858,0.193032,-1.56522,2.78062,-1.22498,-1.56522,2.78062,-1.22498,-1.56522,2.78062,-1.22498,-1.56522,2.78062,-1.22498,0.648052,2.78062,-1.70019,0.648052,2.78062,-1.70019,0.648052,2.78062,-1.70019,3.7967,-0.0144969,0.865896,3.7967,-0.0144969,0.865896,3.7967,-0.0144969,0.865896,3.7967,-0.0144969,0.865896,3.7967,-0.0144969,0.865896,3.7967,1.86213,0.865897,3.7967,1.86213,0.865897,3.7967,1.86213,0.865897,2.83741,2.78062,-0.957317,2.83741,2.78062,-0.957317,2.83741,2.78062,-0.957317,2.83741,2.78062,-0.957317,2.83741,2.78062,-0.957317,-0.469989,-0.0144965,-2.58526,-0.469989,-0.0144965,-2.58526,-0.469989,-0.0144965,-2.58526,-0.469989,-0.0144965,-2.58526,-0.469989,-0.0144965,-2.58526,2.83741,-0.0144965,-2.10346,2.83741,-0.0144965,-2.10346,2.83741,-0.0144965,-2.10346,0.887003,-0.803241,0.259467,0.887003,-0.803241,0.259467,0.887003,-0.803241,0.259467,0.887003,-0.803241,0.259467,0.887003,-0.803241,0.259467,1.55137,-0.0144972,3.20345,1.55137,-0.0144972,3.20345,1.55137,-0.0144972,3.20345]
}