{
    "normals":[-0.93997,0.213111,0.266488,-0.826746,0.474288,-0.302438,-0.182958,-0.981719,0.0518509,-0.524979,0.531541,0.664693,-0.148534,-0.968902,-0.19776,-0.042024,-0.962645,0.267373,-0.195318,0.366192,-0.909787,-0.0376598,0.983734,-0.175481,0.316691,0.168859,-0.933348,-0.593585,0.151982,-0.790277,0.133549,0.375988,-0.916929,0.0514847,0.98706,-0.151738,0.215522,-0.954283,0.207007,0.673269,0.358379,0.646718,0.277963,-0.956359,-0.0897855,0.305887,0.948882,0.0777917,0.499893,0,0.866054,0.247078,0.911374,0.329112,-0.293405,0.943785,0.152074,-0.294351,0.94409,0.14832,-0.294687,0.944182,0.147099,0.94409,0.125065,-0.305002,0.884976,0,-0.465621,0.0415357,-0.957518,-0.285287,-0.154698,0.0838343,0.984375,-0.295846,0.944548,0.142399],
    "faces":[40,65,32,69,0,1,2,0,0,0,40,63,43,30,0,3,1,1,1,1,40,67,31,55,4,5,6,2,2,2,40,15,1,66,7,0,2,3,3,3,40,29,24,57,5,8,6,4,4,4,40,68,56,37,4,6,9,5,5,5,40,44,33,25,10,11,12,6,6,6,40,34,45,39,13,14,15,7,7,7,40,54,27,35,16,12,11,8,8,8,40,46,28,6,10,12,17,9,9,9,40,51,60,26,16,18,12,10,10,10,40,3,41,52,13,15,19,11,11,11,40,20,36,59,20,9,6,12,12,12,40,14,38,19,21,22,23,13,13,13,40,61,22,58,24,20,6,14,14,14,40,16,49,42,25,26,15,15,15,15,40,17,21,48,21,23,27,16,16,16,40,47,50,4,26,19,15,17,17,17,40,8,40,64,25,15,28,18,19,20,40,53,23,62,16,29,18,21,21,21,40,11,10,9,16,30,29,22,22,22,40,12,2,5,24,6,8,23,23,23,40,18,0,7,7,2,31,24,24,24,40,40,13,64,15,14,28,19,25,20],
    "metadata":{
        "normals":26,
        "version":3,
        "generator":"io_three",
        "faces":24,
        "uvs":1,
        "type":"Geometry",
        "vertices":70
    },
    "uvs":[[0.781715,0.506161,0.681472,0.350907,0.931748,0.350907,0.600477,0.554678,0.0803455,0.94352,0.00938894,0.736411,0.396317,0.777606,0.954489,0.554678,0.276769,0.570217,0.454847,0.99223,0.481762,0.211541,0.286778,0.211541,0.385275,0.00776958,0.30431,0.554678,0.109326,0.520034,0.258878,0.416657,0.0939005,0.211541,0.652655,0.00776958,0.0939005,0.00776958,0.497187,0.50052,0.652655,0.821816,0.671433,0.99223,0.767813,0.788459,0.965622,0.788459,0.568143,0.605341,0.28751,0.22708,0.581699,0.367603,0.965622,0.92527,0.00938894,0.370055,0.00938894,0.00776958,0.00938894,0.144581,0.990611,0.350907]],
    "vertices":[-2.6996,-1.0345,2.5353,-2.6996,1.09511,0.832264,0.887003,-1.82324,0.259467,0.648052,1.76062,-1.70019,0.132351,2.07858,0.193032,-0.469989,-1.0345,-2.58526,-3.50503,-1.0345,-0.305597,1.55137,-1.0345,3.20345,0.457355,1.76062,2.79343,3.7967,-1.0345,0.865896,3.7967,0.842129,0.865897,2.83741,1.76062,-0.957317,2.83741,-1.0345,-2.10346,-1.56522,1.76062,-1.22498,0.457355,1.76062,2.79343,0.457355,1.76062,2.79343,0.457355,1.76062,2.79343,0.457355,1.76062,2.79343,0.457355,1.76062,2.79343,3.7967,-1.0345,0.865896,3.7967,-1.0345,0.865896,3.7967,-1.0345,0.865896,3.7967,-1.0345,0.865896,3.7967,-1.0345,0.865896,-0.469989,-1.0345,-2.58526,-0.469989,-1.0345,-2.58526,-0.469989,-1.0345,-2.58526,-0.469989,-1.0345,-2.58526,-0.469989,-1.0345,-2.58526,-3.50503,-1.0345,-0.305597,-3.50503,-1.0345,-0.305597,-3.50503,-1.0345,-0.305597,-3.50503,-1.0345,-0.305597,0.648052,1.76062,-1.70019,0.648052,1.76062,-1.70019,0.648052,1.76062,-1.70019,1.55137,-1.0345,3.20345,1.55137,-1.0345,3.20345,1.55137,-1.0345,3.20345,0.132351,2.07858,0.193032,0.132351,2.07858,0.193032,0.132351,2.07858,0.193032,0.132351,2.07858,0.193032,-1.56522,1.76062,-1.22498,-1.56522,1.76062,-1.22498,-1.56522,1.76062,-1.22498,-1.56522,1.76062,-1.22498,3.7967,0.842129,0.865897,3.7967,0.842129,0.865897,3.7967,0.842129,0.865897,2.83741,1.76062,-0.957317,2.83741,1.76062,-0.957317,2.83741,1.76062,-0.957317,2.83741,1.76062,-0.957317,2.83741,1.76062,-0.957317,0.887003,-1.82324,0.259467,0.887003,-1.82324,0.259467,0.887003,-1.82324,0.259467,0.887003,-1.82324,0.259467,0.887003,-1.82324,0.259467,2.83741,-1.0345,-2.10346,2.83741,-1.0345,-2.10346,2.83741,-1.0345,-2.10346,-2.6996,1.09511,0.832264,-2.6996,1.09511,0.832264,-2.6996,1.09511,0.832264,-2.6996,-1.0345,2.5353,-2.6996,-1.0345,2.5353,-2.6996,-1.0345,2.5353,-2.6996,-1.0345,2.5353]
}